Semana;Segunda (Português);Terça (Matemática);Quarta (Ciências);Quinta (História);Sexta (Geografia);Sábado (Teste)
03/02/2025;Funções;Citologia;Revolução Francesa;Interpretação de Textos;Revisão da semana;Simulado
10/02/2025;Trigonometria;Genética;Idade Média;Redação ENEM;Revisão da semana;Simulado
17/02/2025;Revisão de classes gramaticais (I);Estratégias de cálculo;Diversidade da vida;As Cruzadas e o Renascimento comercial e urbano;Espaço geográfico brasileiro;Simulado
24/02/2025;Álgebra Linear;Termodinâmica;Brasil Colônia;Literatura Brasileira;Revisão da semana;Simulado
03/03/2025;Estatística;Fisiologia Humana;Primeira Guerra Mundial;Figuras de Linguagem;Revisão da semana;Simulado
10/03/2025;Geometria Plana;Eletroquímica;Geopolítica Atual;Gêneros Textuais;Revisão da semana;Simulado
17/03/2025;Geometria Espacial;Ecologia;Imperialismo;Variação Linguística;Revisão da semana;Simulado
24/03/2025;Progressões;Óptica;Iluminismo;Modernismo;Revisão da semana;Simulado
31/03/2025;Logaritmos;Ondulatória;Era Vargas;Texto Argumentativo;Revisão da semana;Simulado
07/04/2025;Funções;Citologia;Revolução Francesa;Interpretação de Textos;Revisão da semana;Simulado
14/04/2025;Trigonometria;Genética;Idade Média;Redação ENEM;Revisão da semana;Simulado
21/04/2025;Probabilidade;Tabela Periódica;Guerra Fria;Gramática;Revisão da semana;Simulado
28/04/2025;Álgebra Linear;Termodinâmica;Brasil Colônia;Literatura Brasileira;Revisão da semana;Simulado
05/05/2025;Estatística;Fisiologia Humana;Primeira Guerra Mundial;Figuras de Linguagem;Revisão da semana;Simulado
12/05/2025;Geometria Plana;Eletroquímica;Geopolítica Atual;Gêneros Textuais;Revisão da semana;Simulado
19/05/2025;Geometria Espacial;Ecologia;Imperialismo;Variação Linguística;Revisão da semana;Simulado
26/05/2025;Progressões;Óptica;Iluminismo;Modernismo;Revisão da semana;Simulado
02/06/2025;Logaritmos;Ondulatória;Era Vargas;Texto Argumentativo;Revisão da semana;Simulado
09/06/2025;Funções;Citologia;Revolução Francesa;Interpretação de Textos;Revisão da semana;Simulado
16/06/2025;Trigonometria;Genética;Idade Média;Redação ENEM;Revisão da semana;Simulado
23/06/2025;Probabilidade;Tabela Periódica;Guerra Fria;Gramática;Revisão da semana;Simulado
30/06/2025;Álgebra Linear;Termodinâmica;Brasil Colônia;Literatura Brasileira;Revisão da semana;Simulado
07/07/2025;Estatística;Fisiologia Humana;Primeira Guerra Mundial;Figuras de Linguagem;Revisão da semana;Simulado
14/07/2025;Geometria Plana;Eletroquímica;Geopolítica Atual;Gêneros Textuais;Revisão da semana;Simulado
21/07/2025;Geometria Espacial;Ecologia;Imperialismo;Variação Linguística;Revisão da semana;Simulado
28/07/2025;Progressões;Óptica;Iluminismo;Modernismo;Revisão da semana;Simulado
04/08/2025;Logaritmos;Ondulatória;Era Vargas;Texto Argumentativo;Revisão da semana;Simulado
11/08/2025;Funções;Citologia;Revolução Francesa;Interpretação de Textos;Revisão da semana;Simulado
18/08/2025;Trigonometria;Genética;Idade Média;Redação ENEM;Revisão da semana;Simulado
25/08/2025;Probabilidade;Tabela Periódica;Guerra Fria;Gramática;Revisão da semana;Simulado
01/09/2025;Álgebra Linear;Termodinâmica;Brasil Colônia;Literatura Brasileira;Revisão da semana;Simulado
08/09/2025;Estatística;Fisiologia Humana;Primeira Guerra Mundial;Figuras de Linguagem;Revisão da semana;Simulado
15/09/2025;Geometria Plana;Eletroquímica;Geopolítica Atual;Gêneros Textuais;Revisão da semana;Simulado
22/09/2025;Geometria Espacial;Ecologia;Imperialismo;Variação Linguística;Revisão da semana;Simulado
29/09/2025;Progressões;Óptica;Iluminismo;Modernismo;Revisão da semana;Simulado
06/10/2025;Logaritmos;Ondulatória;Era Vargas;Texto Argumentativo;Revisão da semana;Simulado
13/10/2025;Funções;Citologia;Revolução Francesa;Interpretação de Textos;Revisão da semana;Simulado
20/10/2025;Trigonometria;Genética;Idade Média;Redação ENEM;Revisão da semana;Simulado
27/10/2025;Probabilidade;Tabela Periódica;Guerra Fria;Gramática;Revisão da semana;Simulado
03/11/2025;Álgebra Linear;Termodinâmica;Brasil Colônia;Literatura Brasileira;Revisão da semana;Simulado
10/11/2025;Estatística;Fisiologia Humana;Primeira Guerra Mundial;Figuras de Linguagem;Revisão da semana;Simulado
17/11/2025;Geometria Plana;Eletroquímica;Geopolítica Atual;Gêneros Textuais;Revisão da semana;Simulado
24/11/2025;Geometria Espacial;Ecologia;Imperialismo;Variação Linguística;Revisão da semana;Simulado
01/12/2025;Progressões;Óptica;Iluminismo;Modernismo;Revisão da semana;Simulado
08/12/2025;Logaritmos;Ondulatória;Era Vargas;Texto Argumentativo;Revisão da semana;Simulado
15/12/2025;Funções;Citologia;Revolução Francesa;Interpretação de Textos;Revisão da semana;Simulado
22/12/2025;Trigonometria;Genética;Idade Média;Redação ENEM;Revisão da semana;Simulado
29/12/2025;Probabilidade;Tabela Periódica;Guerra Fria;Gramática;Revisão da semana;Simulado
05/01/2026;Álgebra Linear;Termodinâmica;Brasil Colônia;Literatura Brasileira;Revisão da semana;Simulado
12/01/2026;Estatística;Fisiologia Humana;Primeira Guerra Mundial;Figuras de Linguagem;Revisão da semana;Simulado
19/01/2026;Geometria Plana;Eletroquímica;Geopolítica Atual;Gêneros Textuais;Revisão da semana;Simulado
26/01/2026;Geometria Espacial;Ecologia;Imperialismo;Variação Linguística;Revisão da semana;Simulado
02/02/2026;Progressões;Óptica;Iluminismo;Modernismo;Revisão da semana;Simulado
09/02/2026;Logaritmos;Ondulatória;Era Vargas;Texto Argumentativo;Revisão da semana;Simulado
16/02/2026;Funções;Citologia;Revolução Francesa;Interpretação de Textos;Revisão da semana;Simulado
23/02/2026;Trigonometria;Genética;Idade Média;Redação ENEM;Revisão da semana;Simulado
02/03/2026;Probabilidade;Tabela Periódica;Guerra Fria;Gramática;Revisão da semana;Simulado
09/03/2026;Álgebra Linear;Termodinâmica;Brasil Colônia;Literatura Brasileira;Revisão da semana;Simulado
16/03/2026;Estatística;Fisiologia Humana;Primeira Guerra Mundial;Figuras de Linguagem;Revisão da semana;Simulado
23/03/2026;Geometria Plana;Eletroquímica;Geopolítica Atual;Gêneros Textuais;Revisão da semana;Simulado
30/03/2026;Geometria Espacial;Ecologia;Imperialismo;Variação Linguística;Revisão da semana;Simulado
06/04/2026;Progressões;Óptica;Iluminismo;Modernismo;Revisão da semana;Simulado
13/04/2026;Logaritmos;Ondulatória;Era Vargas;Texto Argumentativo;Revisão da semana;Simulado
20/04/2026;Funções;Citologia;Revolução Francesa;Interpretação de Textos;Revisão da semana;Simulado
27/04/2026;Trigonometria;Genética;Idade Média;Redação ENEM;Revisão da semana;Simulado
04/05/2026;Probabilidade;Tabela Periódica;Guerra Fria;Gramática;Revisão da semana;Simulado
11/05/2026;Álgebra Linear;Termodinâmica;Brasil Colônia;Literatura Brasileira;Revisão da semana;Simulado
18/05/2026;Estatística;Fisiologia Humana;Primeira Guerra Mundial;Figuras de Linguagem;Revisão da semana;Simulado
25/05/2026;Geometria Plana;Eletroquímica;Geopolítica Atual;Gêneros Textuais;Revisão da semana;Simulado
01/06/2026;Geometria Espacial;Ecologia;Imperialismo;Variação Linguística;Revisão da semana;Simulado
08/06/2026;Progressões;Óptica;Iluminismo;Modernismo;Revisão da semana;Simulado
15/06/2026;Logaritmos;Ondulatória;Era Vargas;Texto Argumentativo;Revisão da semana;Simulado
22/06/2026;Funções;Citologia;Revolução Francesa;Interpretação de Textos;Revisão da semana;Simulado
29/06/2026;Trigonometria;Genética;Idade Média;Redação ENEM;Revisão da semana;Simulado
06/07/2026;Probabilidade;Tabela Periódica;Guerra Fria;Gramática;Revisão da semana;Simulado
13/07/2026;Álgebra Linear;Termodinâmica;Brasil Colônia;Literatura Brasileira;Revisão da semana;Simulado
20/07/2026;Estatística;Fisiologia Humana;Primeira Guerra Mundial;Figuras de Linguagem;Revisão da semana;Simulado
27/07/2026;Geometria Plana;Eletroquímica;Geopolítica Atual;Gêneros Textuais;Revisão da semana;Simulado
03/08/2026;Geometria Espacial;Ecologia;Imperialismo;Variação Linguística;Revisão da semana;Simulado
10/08/2026;Progressões;Óptica;Iluminismo;Modernismo;Revisão da semana;Simulado
17/08/2026;Logaritmos;Ondulatória;Era Vargas;Texto Argumentativo;Revisão da semana;Simulado
24/08/2026;Funções;Citologia;Revolução Francesa;Interpretação de Textos;Revisão da semana;Simulado
31/08/2026;Trigonometria;Genética;Idade Média;Redação ENEM;Revisão da semana;Simulado
07/09/2026;Probabilidade;Tabela Periódica;Guerra Fria;Gramática;Revisão da semana;Simulado
14/09/2026;Álgebra Linear;Termodinâmica;Brasil Colônia;Literatura Brasileira;Revisão da semana;Simulado
21/09/2026;Estatística;Fisiologia Humana;Primeira Guerra Mundial;Figuras de Linguagem;Revisão da semana;Simulado
28/09/2026;Geometria Plana;Eletroquímica;Geopolítica Atual;Gêneros Textuais;Revisão da semana;Simulado
05/10/2026;Geometria Espacial;Ecologia;Imperialismo;Variação Linguística;Revisão da semana;Simulado
12/10/2026;Progressões;Óptica;Iluminismo;Modernismo;Revisão da semana;Simulado
19/10/2026;Logaritmos;Ondulatória;Era Vargas;Texto Argumentativo;Revisão da semana;Simulado
26/10/2026;Funções;Citologia;Revolução Francesa;Interpretação de Textos;Revisão da semana;Simulado
02/11/2026;Trigonometria;Genética;Idade Média;Redação ENEM;Revisão da semana;Simulado
09/11/2026;Probabilidade;Tabela Periódica;Guerra Fria;Gramática;Revisão da semana;Simulado
16/11/2026;Álgebra Linear;Termodinâmica;Brasil Colônia;Literatura Brasileira;Revisão da semana;Simulado
23/11/2026;Estatística;Fisiologia Humana;Primeira Guerra Mundial;Figuras de Linguagem;Revisão da semana;Simulado
30/11/2026;Geometria Plana;Eletroquímica;Geopolítica Atual;Gêneros Textuais;Revisão da semana;Simulado
07/12/2026;Geometria Espacial;Ecologia;Imperialismo;Variação Linguística;Revisão da semana;Simulado
14/12/2026;Progressões;Óptica;Iluminismo;Modernismo;Revisão da semana;Simulado
21/12/2026;Logaritmos;Ondulatória;Era Vargas;Texto Argumentativo;Revisão da semana;Simulado
28/12/2026;Funções;Citologia;Revolução Francesa;Interpretação de Textos;Revisão da semana;Simulado
04/01/2027;Trigonometria;Genética;Idade Média;Redação ENEM;Revisão da semana;Simulado
11/01/2027;Probabilidade;Tabela Periódica;Guerra Fria;Gramática;Revisão da semana;Simulado
18/01/2027;Álgebra Linear;Termodinâmica;Brasil Colônia;Literatura Brasileira;Revisão da semana;Simulado
25/01/2027;Estatística;Fisiologia Humana;Primeira Guerra Mundial;Figuras de Linguagem;Revisão da semana;Simulado
01/02/2027;Geometria Plana;Eletroquímica;Geopolítica Atual;Gêneros Textuais;Revisão da semana;Simulado
